text,intent
Bugün ne giysem?,kapsam_disi
Hoşça kal,vedalasma
E-devletten Resmi not belgesi alabilir miyim?,transkript
AGNO ile Kurum içi geçiş mümkün mü?,yatay_gecis
yaz okulunda Kurum içi geçiş başvurusu almak istiyorum.,yatay_gecis
Lütfen Ders seçimi hakkında bilgi ver.,ders_kaydi
Günaydın,selamlama
1. sınıflar için Ders ekle-bırak hakkında bilgi ver.,ders_kaydi
Ders atama yardımcı ol.,ders_kaydi
Lütfen Ders seçimi hakkında bilgi ver.,ders_kaydi
güz döneminde MYP ile geçiş başvurusu yapmak istiyorum.,yatay_gecis
1. sınıflar için Ders atama konusunda desteğe ihtiyacım var.,ders_kaydi
Dolar ne kadar oldu?,kapsam_disi
Günaydın,selamlama
SIS üzerinden Ders atama yardımcı ol.,ders_kaydi
türkçe Öğrenci belgesi işlemlerini anlat.,transkript
e-imzalı Not çizelgesi nasıl çıkartılır?,transkript
Transkript belgesine ihtiyacım var.,transkript
1. sınıflar için Ders kaydı konusunda desteğe ihtiyacım var.,ders_kaydi
Merhaba asistan,selamlama
Kendine iyi bak,vedalasma
Ortalama ile geçiş için ortalama kaç olmalı?,yatay_gecis
ingilizce Not çizelgesi konusunda desteğe ihtiyacım var.,transkript
Ders atama işlemi yapmak istiyorum.,ders_kaydi
Lütfen Ders atama hakkında bilgi ver.,ders_kaydi
Resmi not belgesi nereden alınır?,transkript
Film önerin var mı?,kapsam_disi
Kurum içi geçiş kontenjanları belli oldu mu?,yatay_gecis
SIS üzerinden Ders kaydı konusunda desteğe ihtiyacım var.,ders_kaydi
Ders kaydı işlemi yapmak istiyorum.,ders_kaydi
bugün Bölüm değiştirme başvurusu işlemlerini anlat.,yatay_gecis
MYP ile geçiş kontenjanları belli oldu mu?,yatay_gecis
Bölüm değiştirme kontenjanları belli oldu mu?,yatay_gecis
Resmi not belgesi nereden alınır?,transkript
AGNO ile MYP ile geçiş mümkün mü?,yatay_gecis
acilen Ders seçimi almak istiyorum.,ders_kaydi
Selamlar,selamlama
Ders kaydı tarihlerini öğrenmek istiyorum.,ders_kaydi
Hava durumu nasıl?,kapsam_disi
Ders kaydı tarihlerini öğrenmek istiyorum.,ders_kaydi
Mezuniyet için Not çizelgesi almak istiyorum.,transkript
Kendine iyi bak,vedalasma
SIS üzerinden Kayıt yenileme yardımcı ol.,ders_kaydi
Hoşça kal,vedalasma
Mezuniyet için Transkript yardımcı ol.,transkript
Ders ekle-bırak işlemi yardımcı ol.,ders_kaydi
Kendine iyi bak,vedalasma
Resmi not belgesi belgesine ihtiyacım var.,transkript
Farklı bir bölüme MYP ile geçiş yardımcı ol.,yatay_gecis
Bölüm değiştirme için ortalama kaç olmalı?,yatay_gecis
Öğrenci belgesi nereden alınır?,transkript
SIS üzerinden Ders kaydı konusunda desteğe ihtiyacım var.,ders_kaydi
AGNO ile Bölüm değiştirme mümkün mü?,yatay_gecis
Ders ekle-bırak tarihlerini öğrenmek istiyorum.,ders_kaydi
Sonra görüşürüz,vedalasma
bahar döneminde MYP ile geçiş başvurusu işlemlerini anlat.,yatay_gecis
Lütfen Ders seçimi hakkında bilgi ver.,ders_kaydi
Bay bay,vedalasma
SIS üzerinden Ders ekle-bırak işlemlerini anlat.,ders_kaydi
Öğrenci belgesi nereden alınır?,transkript
E-devletten Not çizelgesi alabilir miyim?,transkript
Ders atama konusunda desteğe ihtiyacım var.,ders_kaydi
Kurum içi geçiş kontenjanları belli oldu mu?,yatay_gecis
MYP ile geçiş şartları konusunda desteğe ihtiyacım var.,yatay_gecis
AGNO ile Kurum içi geçiş mümkün mü?,yatay_gecis
Transkript nereden alınır?,transkript
İstanbul'un nüfusu kaç?,kapsam_disi
Ortalama ile geçiş kontenjanları belli oldu mu?,yatay_gecis
AGNO ile MYP ile geçiş mümkün mü?,yatay_gecis
Ders atama tarihlerini öğrenmek istiyorum.,ders_kaydi
Farklı bir bölüme Bölüm değiştirme konusunda desteğe ihtiyacım var.,yatay_gecis
Bay bay,vedalasma
Lütfen Ders atama hakkında bilgi ver.,ders_kaydi
Ders seçimi işlemi işlemlerini anlat.,ders_kaydi
Ders kaydı tarihlerini öğrenmek istiyorum.,ders_kaydi
1. sınıflar için Ders ekle-bırak almak istiyorum.,ders_kaydi
SIS üzerinden Kayıt yenileme yapmak istiyorum.,ders_kaydi
ingilizce Transkript nasıl çıkartılır?,transkript
Selam bot,selamlama
MYP ile geçiş için ortalama kaç olmalı?,yatay_gecis
bugün MYP ile geçiş başvurusu yapmak istiyorum.,yatay_gecis
bahar döneminde Kurum içi geçiş başvurusu hakkında bilgi ver.,yatay_gecis
Ders kaydı tarihlerini öğrenmek istiyorum.,ders_kaydi
Sonra görüşürüz,vedalasma
Ortalama ile geçiş kontenjanları belli oldu mu?,yatay_gecis
Mezuniyet için Öğrenci belgesi almak istiyorum.,transkript
AGNO ile MYP ile geçiş mümkün mü?,yatay_gecis
Ders seçimi yardımcı ol.,ders_kaydi
Ders atama yapmak istiyorum.,ders_kaydi
Ortalama ile geçiş için ortalama kaç olmalı?,yatay_gecis
Lütfen Ders kaydı hakkında bilgi ver.,ders_kaydi
yarın Ortalama ile geçiş başvurusu almak istiyorum.,yatay_gecis
Merhaba,selamlama
bu dönem MYP ile geçiş başvurusu yapmak istiyorum.,yatay_gecis
Ders ekle-bırak işlemi hakkında bilgi ver.,ders_kaydi
Resmi not belgesi nereden alınır?,transkript
Öğrenci belgesi belgesine ihtiyacım var.,transkript
Yatay geçiş şartları hakkında bilgi ver.,yatay_gecis
Görüşürüz,vedalasma
türkçe Resmi not belgesi hakkında bilgi ver.,transkript
Dolar ne kadar oldu?,kapsam_disi
Ortalama ile geçiş için ortalama kaç olmalı?,yatay_gecis
Fenerbahçe maçı kaç kaç?,kapsam_disi
Merhaba,selamlama
"Teşekkürler, bay",vedalasma
1. sınıflar için Ders kaydı hakkında bilgi ver.,ders_kaydi
Çıkış yapıyorum,vedalasma
yarın MYP ile geçiş başvurusu işlemlerini anlat.,yatay_gecis
Selamlar,selamlama
MYP ile geçiş şartları almak istiyorum.,yatay_gecis
Kayıt yenileme işlemi almak istiyorum.,ders_kaydi
e-imzalı Resmi not belgesi yapmak istiyorum.,transkript
E-devletten Not dökümü alabilir miyim?,transkript
AGNO ile Bölüm değiştirme mümkün mü?,yatay_gecis
Bye,vedalasma
bu dönem Ders ekle-bırak işlemlerini anlat.,ders_kaydi
AGNO ile Kurum içi geçiş mümkün mü?,yatay_gecis
Yatay geçiş şartları almak istiyorum.,yatay_gecis
Kayıt yenileme işlemi yardımcı ol.,ders_kaydi
Çıkış yapıyorum,vedalasma
Kurum içi geçiş kontenjanları belli oldu mu?,yatay_gecis
Günaydın,selamlama
Lütfen Ders kaydı hakkında bilgi ver.,ders_kaydi
Kurum içi geçiş şartları konusunda desteğe ihtiyacım var.,yatay_gecis
Bölüm değiştirme için ortalama kaç olmalı?,yatay_gecis
Bana bir fıkra anlat.,kapsam_disi
gelecek hafta Bölüm değiştirme başvurusu konusunda desteğe ihtiyacım var.,yatay_gecis
bugün Ders kaydı yapmak istiyorum.,ders_kaydi
İyi günler,selamlama
Merhaba asistan,selamlama
1. sınıflar için Ders atama konusunda desteğe ihtiyacım var.,ders_kaydi
Bölüm değiştirme kontenjanları belli oldu mu?,yatay_gecis
Fenerbahçe maçı kaç kaç?,kapsam_disi
bahar döneminde Ders ekle-bırak yapmak istiyorum.,ders_kaydi
Bölüm değiştirme şartları yardımcı ol.,yatay_gecis
Kendine iyi bak,vedalasma
Çıkış yapıyorum,vedalasma
Kurum içi geçiş şartları konusunda desteğe ihtiyacım var.,yatay_gecis
AGNO ile MYP ile geçiş mümkün mü?,yatay_gecis
Yatay geçiş şartları yardımcı ol.,yatay_gecis
1. sınıflar için Ders ekle-bırak almak istiyorum.,ders_kaydi
acilen Ders kaydı yardımcı ol.,ders_kaydi
onaylı Öğrenci belgesi konusunda desteğe ihtiyacım var.,transkript
Kib,vedalasma
AGNO ile Ortalama ile geçiş mümkün mü?,yatay_gecis
güncel Resmi not belgesi yapmak istiyorum.,transkript
Farklı bir bölüme Bölüm değiştirme yardımcı ol.,yatay_gecis
Bölüm değiştirme şartları yardımcı ol.,yatay_gecis
Farklı bir bölüme MYP ile geçiş yapmak istiyorum.,yatay_gecis
MYP ile geçiş kontenjanları belli oldu mu?,yatay_gecis
Selam bot,selamlama
Yemek tarifi ver.,kapsam_disi
Ders seçimi konusunda desteğe ihtiyacım var.,ders_kaydi
Resmi not belgesi belgesine ihtiyacım var.,transkript
Mezuniyet için Transkript hakkında bilgi ver.,transkript
SIS üzerinden Ders seçimi hakkında bilgi ver.,ders_kaydi
MYP ile geçiş için ortalama kaç olmalı?,yatay_gecis
gelecek hafta Ders seçimi konusunda desteğe ihtiyacım var.,ders_kaydi
bahar döneminde Kurum içi geçiş başvurusu almak istiyorum.,yatay_gecis
Ortalama ile geçiş şartları yardımcı ol.,yatay_gecis
İyi günler,selamlama
ingilizce Not çizelgesi nasıl çıkartılır?,transkript
Bye,vedalasma
bu dönem Ortalama ile geçiş başvurusu hakkında bilgi ver.,yatay_gecis
Farklı bir bölüme Yatay geçiş yapmak istiyorum.,yatay_gecis
Dolar ne kadar oldu?,kapsam_disi
Farklı bir bölüme MYP ile geçiş almak istiyorum.,yatay_gecis
Selam bot,selamlama
resmi Transkript yardımcı ol.,transkript
MYP ile geçiş kontenjanları belli oldu mu?,yatay_gecis
güncel Transkript konusunda desteğe ihtiyacım var.,transkript
1. sınıflar için Ders kaydı almak istiyorum.,ders_kaydi
Kurum içi geçiş için ortalama kaç olmalı?,yatay_gecis
Dolar ne kadar oldu?,kapsam_disi
Lütfen Ders atama hakkında bilgi ver.,ders_kaydi
Mezuniyet için Öğrenci belgesi konusunda desteğe ihtiyacım var.,transkript
Bay bay,vedalasma
Farklı bir bölüme MYP ile geçiş hakkında bilgi ver.,yatay_gecis
1. sınıflar için Kayıt yenileme almak istiyorum.,ders_kaydi
Merhabalar,selamlama
Bana bir fıkra anlat.,kapsam_disi
bahar döneminde Ders seçimi hakkında bilgi ver.,ders_kaydi
Merhaba,selamlama
Fenerbahçe maçı kaç kaç?,kapsam_disi
Ders kaydı tarihlerini öğrenmek istiyorum.,ders_kaydi
Selam bot,selamlama
Film önerin var mı?,kapsam_disi
Lütfen Kayıt yenileme hakkında bilgi ver.,ders_kaydi
SIS üzerinden Ders atama hakkında bilgi ver.,ders_kaydi
Merhaba asistan,selamlama
Kurum içi geçiş şartları yapmak istiyorum.,yatay_gecis
onaylı Öğrenci belgesi almak istiyorum.,transkript
Sonra görüşürüz,vedalasma
güncel Öğrenci belgesi nasıl çıkartılır?,transkript
Kurum içi geçiş için ortalama kaç olmalı?,yatay_gecis
Selam bot,selamlama
bahar döneminde Ders seçimi almak istiyorum.,ders_kaydi
Merhaba,selamlama
Öğrenci belgesi nereden alınır?,transkript
1. sınıflar için Ders ekle-bırak konusunda desteğe ihtiyacım var.,ders_kaydi
SIS üzerinden Kayıt yenileme işlemlerini anlat.,ders_kaydi
Farklı bir bölüme Ortalama ile geçiş hakkında bilgi ver.,yatay_gecis
AGNO ile Yatay geçiş mümkün mü?,yatay_gecis
Kurum içi geçiş kontenjanları belli oldu mu?,yatay_gecis
1. sınıflar için Ders kaydı yardımcı ol.,ders_kaydi
Bay bay,vedalasma
Selam,selamlama
Ders seçimi hakkında bilgi ver.,ders_kaydi
İyi akşamlar,vedalasma
Kib,vedalasma
Bugün ne giysem?,kapsam_disi
1. sınıflar için Ders atama yardımcı ol.,ders_kaydi
Hoşça kal,vedalasma
Ortalama ile geçiş kontenjanları belli oldu mu?,yatay_gecis
Mezuniyet için Öğrenci belgesi konusunda desteğe ihtiyacım var.,transkript
Ortalama ile geçiş şartları almak istiyorum.,yatay_gecis
türkçe Resmi not belgesi hakkında bilgi ver.,transkript
1. sınıflar için Kayıt yenileme yardımcı ol.,ders_kaydi
Ders atama işlemi yapmak istiyorum.,ders_kaydi
Günaydın,selamlama
güz döneminde Bölüm değiştirme başvurusu işlemlerini anlat.,yatay_gecis
En iyi pizza nerede yenir?,kapsam_disi
İyi günler,selamlama
Kib,vedalasma
Ders seçimi işlemi yardımcı ol.,ders_kaydi
yarın Kayıt yenileme yardımcı ol.,ders_kaydi
Selam,selamlama
Ders kaydı tarihlerini öğrenmek istiyorum.,ders_kaydi
Yatay geçiş için ortalama kaç olmalı?,yatay_gecis
Dolar ne kadar oldu?,kapsam_disi
Çıkış yapıyorum,vedalasma
Merhaba asistan,selamlama
Farklı bir bölüme Kurum içi geçiş yardımcı ol.,yatay_gecis
Farklı bir bölüme MYP ile geçiş yardımcı ol.,yatay_gecis
Selam bot,selamlama
Fenerbahçe maçı kaç kaç?,kapsam_disi
Farklı bir bölüme Bölüm değiştirme almak istiyorum.,yatay_gecis
Bye,vedalasma
1. sınıflar için Ders seçimi işlemlerini anlat.,ders_kaydi
Selam,selamlama
Mezuniyet için Not çizelgesi hakkında bilgi ver.,transkript
Lütfen Ders kaydı hakkında bilgi ver.,ders_kaydi
Bugün ne giysem?,kapsam_disi
gelecek hafta Ortalama ile geçiş başvurusu hakkında bilgi ver.,yatay_gecis
Farklı bir bölüme Bölüm değiştirme işlemlerini anlat.,yatay_gecis
Ders atama işlemi yardımcı ol.,ders_kaydi
Merhaba,selamlama
Ders kaydı hakkında bilgi ver.,ders_kaydi
Resmi not belgesi nereden alınır?,transkript
bahar döneminde Ortalama ile geçiş başvurusu hakkında bilgi ver.,yatay_gecis
Transkript belgesine ihtiyacım var.,transkript
Not çizelgesi belgesine ihtiyacım var.,transkript
Yatay geçiş için ortalama kaç olmalı?,yatay_gecis
Kayıt yenileme konusunda desteğe ihtiyacım var.,ders_kaydi
Ders seçimi tarihlerini öğrenmek istiyorum.,ders_kaydi
Ders kaydı işlemi hakkında bilgi ver.,ders_kaydi
Lütfen Ders ekle-bırak hakkında bilgi ver.,ders_kaydi
Kolay gelsin,selamlama
Bölüm değiştirme kontenjanları belli oldu mu?,yatay_gecis
Ders kaydı tarihlerini öğrenmek istiyorum.,ders_kaydi
Kurum içi geçiş kontenjanları belli oldu mu?,yatay_gecis
türkçe Öğrenci belgesi konusunda desteğe ihtiyacım var.,transkript
Günaydın,selamlama
Lütfen Ders kaydı hakkında bilgi ver.,ders_kaydi
Not dökümü nereden alınır?,transkript
Hoşça kal,vedalasma
Günaydın,selamlama
Bye,vedalasma
Sonra görüşürüz,vedalasma
Bölüm değiştirme şartları almak istiyorum.,yatay_gecis
Transkript nereden alınır?,transkript
AGNO ile Kurum içi geçiş mümkün mü?,yatay_gecis
Günaydın,selamlama
MYP ile geçiş şartları işlemlerini anlat.,yatay_gecis
1. sınıflar için Ders kaydı yardımcı ol.,ders_kaydi
Selam,selamlama
Hoşça kal,vedalasma
1. sınıflar için Ders seçimi almak istiyorum.,ders_kaydi
Ders atama tarihlerini öğrenmek istiyorum.,ders_kaydi
Mezuniyet için Not dökümü yardımcı ol.,transkript
Kurum içi geçiş kontenjanları belli oldu mu?,yatay_gecis
Resmi not belgesi belgesine ihtiyacım var.,transkript
Görüşürüz,vedalasma
Hava durumu nasıl?,kapsam_disi
ingilizce Öğrenci belgesi nasıl çıkartılır?,transkript
Kendine iyi bak,vedalasma
Kendine iyi bak,vedalasma
Kendine iyi bak,vedalasma
resmi Öğrenci belgesi nasıl çıkartılır?,transkript
"Teşekkürler, bay",vedalasma
Ders kaydı tarihlerini öğrenmek istiyorum.,ders_kaydi
Sonra görüşürüz,vedalasma
Fenerbahçe maçı kaç kaç?,kapsam_disi
Lütfen Ders kaydı hakkında bilgi ver.,ders_kaydi
1. sınıflar için Ders seçimi konusunda desteğe ihtiyacım var.,ders_kaydi
Ders atama almak istiyorum.,ders_kaydi
Merhabalar,selamlama
Fenerbahçe maçı kaç kaç?,kapsam_disi
Kayıt yenileme tarihlerini öğrenmek istiyorum.,ders_kaydi
E-devletten Transkript alabilir miyim?,transkript
Ders atama tarihlerini öğrenmek istiyorum.,ders_kaydi
1. sınıflar için Kayıt yenileme almak istiyorum.,ders_kaydi
Görüşürüz,vedalasma
E-devletten Resmi not belgesi alabilir miyim?,transkript
onaylı Not çizelgesi nasıl çıkartılır?,transkript
Not dökümü belgesine ihtiyacım var.,transkript
Ders kaydı işlemlerini anlat.,ders_kaydi
bahar döneminde Kayıt yenileme almak istiyorum.,ders_kaydi
AGNO ile Kurum içi geçiş mümkün mü?,yatay_gecis
Kayıt yenileme yardımcı ol.,ders_kaydi
AGNO ile MYP ile geçiş mümkün mü?,yatay_gecis
Ders atama işlemi işlemlerini anlat.,ders_kaydi
Kendine iyi bak,vedalasma
İyi günler,selamlama
AGNO ile Ortalama ile geçiş mümkün mü?,yatay_gecis
Ders atama tarihlerini öğrenmek istiyorum.,ders_kaydi
gelecek hafta Ders atama konusunda desteğe ihtiyacım var.,ders_kaydi
Günaydın,selamlama
Çıkış yapıyorum,vedalasma
Yatay geçiş şartları almak istiyorum.,yatay_gecis
Not çizelgesi nereden alınır?,transkript
Ders ekle-bırak işlemi yardımcı ol.,ders_kaydi
Yemek tarifi ver.,kapsam_disi
"Teşekkürler, bay",vedalasma
Lütfen Ders kaydı hakkında bilgi ver.,ders_kaydi
acilen Ders kaydı yardımcı ol.,ders_kaydi
Resmi not belgesi nereden alınır?,transkript
Bölüm değiştirme kontenjanları belli oldu mu?,yatay_gecis
Merhabalar,selamlama
1. sınıflar için Ders kaydı almak istiyorum.,ders_kaydi
Bölüm değiştirme için ortalama kaç olmalı?,yatay_gecis
resmi Resmi not belgesi yardımcı ol.,transkript
resmi Not çizelgesi nasıl çıkartılır?,transkript
Bugün ne giysem?,kapsam_disi
türkçe Resmi not belgesi nasıl çıkartılır?,transkript
Çıkış yapıyorum,vedalasma
"Teşekkürler, bay",vedalasma
güz döneminde Bölüm değiştirme başvurusu konusunda desteğe ihtiyacım var.,yatay_gecis
Resmi not belgesi nereden alınır?,transkript
Selam,selamlama
Farklı bir bölüme MYP ile geçiş hakkında bilgi ver.,yatay_gecis
Lütfen Ders atama hakkında bilgi ver.,ders_kaydi
Film önerin var mı?,kapsam_disi
ingilizce Resmi not belgesi nasıl çıkartılır?,transkript
E-devletten Resmi not belgesi alabilir miyim?,transkript
Merhaba,selamlama
E-devletten Not çizelgesi alabilir miyim?,transkript
Film önerin var mı?,kapsam_disi
Mezuniyet için Not dökümü yapmak istiyorum.,transkript
Ders atama tarihlerini öğrenmek istiyorum.,ders_kaydi
Transkript belgesine ihtiyacım var.,transkript
Yatay geçiş için ortalama kaç olmalı?,yatay_gecis
Ders seçimi yapmak istiyorum.,ders_kaydi
Merhaba,selamlama
bu dönem Kurum içi geçiş başvurusu almak istiyorum.,yatay_gecis
SIS üzerinden Ders seçimi hakkında bilgi ver.,ders_kaydi
Hava durumu nasıl?,kapsam_disi
Kib,vedalasma
Python kodu yazabilir misin?,kapsam_disi
Farklı bir bölüme Ortalama ile geçiş almak istiyorum.,yatay_gecis
yarın Ders seçimi almak istiyorum.,ders_kaydi
Selam,selamlama
E-devletten Öğrenci belgesi alabilir miyim?,transkript
AGNO ile MYP ile geçiş mümkün mü?,yatay_gecis
Selam,selamlama
SIS üzerinden Ders atama konusunda desteğe ihtiyacım var.,ders_kaydi
Mezuniyet için Not dökümü işlemlerini anlat.,transkript
Kib,vedalasma
Görüşürüz,vedalasma
güncel Not çizelgesi hakkında bilgi ver.,transkript
SIS üzerinden Ders kaydı yardımcı ol.,ders_kaydi
Ortalama ile geçiş için ortalama kaç olmalı?,yatay_gecis
Sonra görüşürüz,vedalasma
Selamlar,selamlama
Hoşça kal,vedalasma
Kayıt yenileme işlemi hakkında bilgi ver.,ders_kaydi
acilen Ders ekle-bırak konusunda desteğe ihtiyacım var.,ders_kaydi
Bana bir fıkra anlat.,kapsam_disi
"Teşekkürler, bay",vedalasma
Farklı bir bölüme Kurum içi geçiş yardımcı ol.,yatay_gecis
Yatay geçiş kontenjanları belli oldu mu?,yatay_gecis
Yatay geçiş kontenjanları belli oldu mu?,yatay_gecis
Ortalama ile geçiş için ortalama kaç olmalı?,yatay_gecis
Selamlar,selamlama
Bölüm değiştirme şartları işlemlerini anlat.,yatay_gecis
Farklı bir bölüme Yatay geçiş yardımcı ol.,yatay_gecis
Film önerin var mı?,kapsam_disi
Bölüm değiştirme şartları almak istiyorum.,yatay_gecis
AGNO ile Kurum içi geçiş mümkün mü?,yatay_gecis
MYP ile geçiş kontenjanları belli oldu mu?,yatay_gecis
Merhaba,selamlama
SIS üzerinden Kayıt yenileme işlemlerini anlat.,ders_kaydi
AGNO ile Bölüm değiştirme mümkün mü?,yatay_gecis
Yatay geçiş şartları işlemlerini anlat.,yatay_gecis
Ders ekle-bırak işlemi konusunda desteğe ihtiyacım var.,ders_kaydi
İyi günler,selamlama
Ortalama ile geçiş şartları almak istiyorum.,yatay_gecis
Merhaba asistan,selamlama
gelecek hafta MYP ile geçiş başvurusu yardımcı ol.,yatay_gecis
Sonra görüşürüz,vedalasma
Not dökümü nereden alınır?,transkript
Merhabalar,selamlama
Ortalama ile geçiş için ortalama kaç olmalı?,yatay_gecis
Ders atama işlemi yardımcı ol.,ders_kaydi
Ders atama işlemlerini anlat.,ders_kaydi
Hey,selamlama
MYP ile geçiş şartları işlemlerini anlat.,yatay_gecis
Mezuniyet için Not çizelgesi yapmak istiyorum.,transkript
Öğrenci belgesi nereden alınır?,transkript
Ortalama ile geçiş kontenjanları belli oldu mu?,yatay_gecis
1. sınıflar için Ders atama hakkında bilgi ver.,ders_kaydi
Hoşça kal,vedalasma
SIS üzerinden Ders seçimi yapmak istiyorum.,ders_kaydi
Bölüm değiştirme için ortalama kaç olmalı?,yatay_gecis
resmi Transkript nasıl çıkartılır?,transkript
bu dönem Kayıt yenileme yardımcı ol.,ders_kaydi
Lütfen Ders kaydı hakkında bilgi ver.,ders_kaydi
bu dönem Kayıt yenileme işlemlerini anlat.,ders_kaydi
E-devletten Öğrenci belgesi alabilir miyim?,transkript
MYP ile geçiş şartları hakkında bilgi ver.,yatay_gecis
Hava durumu nasıl?,kapsam_disi
Bana bir fıkra anlat.,kapsam_disi
bahar döneminde Kayıt yenileme işlemlerini anlat.,ders_kaydi
1. sınıflar için Kayıt yenileme yapmak istiyorum.,ders_kaydi
Bölüm değiştirme şartları hakkında bilgi ver.,yatay_gecis
Kurum içi geçiş şartları yapmak istiyorum.,yatay_gecis
güncel Öğrenci belgesi nasıl çıkartılır?,transkript
Kurum içi geçiş için ortalama kaç olmalı?,yatay_gecis
Ortalama ile geçiş için ortalama kaç olmalı?,yatay_gecis
1. sınıflar için Ders ekle-bırak yardımcı ol.,ders_kaydi
Merhaba asistan,selamlama
yaz okulunda Ders seçimi almak istiyorum.,ders_kaydi
Lütfen Kayıt yenileme hakkında bilgi ver.,ders_kaydi
onaylı Not dökümü nasıl çıkartılır?,transkript
gelecek hafta Ders ekle-bırak almak istiyorum.,ders_kaydi
Ders atama işlemlerini anlat.,ders_kaydi
Farklı bir bölüme Yatay geçiş yapmak istiyorum.,yatay_gecis
Kolay gelsin,selamlama
Sonra görüşürüz,vedalasma
Ders atama işlemi konusunda desteğe ihtiyacım var.,ders_kaydi
Hey,selamlama
İstanbul'un nüfusu kaç?,kapsam_disi
güz döneminde Ders atama hakkında bilgi ver.,ders_kaydi
Merhabalar,selamlama
SIS üzerinden Ders kaydı konusunda desteğe ihtiyacım var.,ders_kaydi
Not çizelgesi belgesine ihtiyacım var.,transkript
Ders atama işlemi konusunda desteğe ihtiyacım var.,ders_kaydi
Ders kaydı işlemi hakkında bilgi ver.,ders_kaydi
MYP ile geçiş kontenjanları belli oldu mu?,yatay_gecis
"Teşekkürler, bay",vedalasma
Bay bay,vedalasma
onaylı Öğrenci belgesi nasıl çıkartılır?,transkript
ingilizce Transkript yapmak istiyorum.,transkript
Kolay gelsin,selamlama
güz döneminde Kurum içi geçiş başvurusu yapmak istiyorum.,yatay_gecis
1. sınıflar için Ders ekle-bırak işlemlerini anlat.,ders_kaydi
Resmi not belgesi nereden alınır?,transkript
Ders atama işlemi almak istiyorum.,ders_kaydi
Mezuniyet için Transkript almak istiyorum.,transkript
Mezuniyet için Öğrenci belgesi yardımcı ol.,transkript
Farklı bir bölüme Kurum içi geçiş konusunda desteğe ihtiyacım var.,yatay_gecis
İyi günler,selamlama
Ders kaydı işlemi almak istiyorum.,ders_kaydi
Sonra görüşürüz,vedalasma
acilen Ders kaydı hakkında bilgi ver.,ders_kaydi
Yemek tarifi ver.,kapsam_disi
Mezuniyet için Not dökümü yardımcı ol.,transkript
Bölüm değiştirme için ortalama kaç olmalı?,yatay_gecis
Ders seçimi tarihlerini öğrenmek istiyorum.,ders_kaydi
Resmi not belgesi nereden alınır?,transkript
Farklı bir bölüme Ortalama ile geçiş işlemlerini anlat.,yatay_gecis
AGNO ile Yatay geçiş mümkün mü?,yatay_gecis
Bana bir fıkra anlat.,kapsam_disi
Lütfen Ders seçimi hakkında bilgi ver.,ders_kaydi
Bugün ne giysem?,kapsam_disi
Not çizelgesi nereden alınır?,transkript
onaylı Öğrenci belgesi yapmak istiyorum.,transkript
Ders seçimi tarihlerini öğrenmek istiyorum.,ders_kaydi
e-imzalı Öğrenci belgesi yapmak istiyorum.,transkript
onaylı Resmi not belgesi almak istiyorum.,transkript
Farklı bir bölüme Kurum içi geçiş almak istiyorum.,yatay_gecis
türkçe Not dökümü nasıl çıkartılır?,transkript
Farklı bir bölüme Yatay geçiş yapmak istiyorum.,yatay_gecis
İyi günler,selamlama
Selamlar,selamlama
Ders atama tarihlerini öğrenmek istiyorum.,ders_kaydi
Selam,selamlama
Mezuniyet için Not çizelgesi almak istiyorum.,transkript
Ders seçimi yapmak istiyorum.,ders_kaydi
Transkript belgesine ihtiyacım var.,transkript
MYP ile geçiş kontenjanları belli oldu mu?,yatay_gecis
bahar döneminde Ders seçimi yapmak istiyorum.,ders_kaydi
Ders seçimi işlemi yapmak istiyorum.,ders_kaydi
Ortalama ile geçiş şartları yapmak istiyorum.,yatay_gecis
Ders atama yardımcı ol.,ders_kaydi
Ortalama ile geçiş için ortalama kaç olmalı?,yatay_gecis
1. sınıflar için Kayıt yenileme almak istiyorum.,ders_kaydi
Bugün ne giysem?,kapsam_disi
Hava durumu nasıl?,kapsam_disi
Farklı bir bölüme MYP ile geçiş konusunda desteğe ihtiyacım var.,yatay_gecis
Ders atama işlemlerini anlat.,ders_kaydi
Farklı bir bölüme MYP ile geçiş işlemlerini anlat.,yatay_gecis
Ortalama ile geçiş şartları işlemlerini anlat.,yatay_gecis
Farklı bir bölüme Kurum içi geçiş konusunda desteğe ihtiyacım var.,yatay_gecis
Öğrenci belgesi belgesine ihtiyacım var.,transkript
AGNO ile MYP ile geçiş mümkün mü?,yatay_gecis
1. sınıflar için Ders seçimi yapmak istiyorum.,ders_kaydi
E-devletten Transkript alabilir miyim?,transkript
Bay bay,vedalasma
bahar döneminde Ders ekle-bırak hakkında bilgi ver.,ders_kaydi
Ders kaydı konusunda desteğe ihtiyacım var.,ders_kaydi
bahar döneminde MYP ile geçiş başvurusu almak istiyorum.,yatay_gecis
resmi Transkript nasıl çıkartılır?,transkript
Sonra görüşürüz,vedalasma
AGNO ile Yatay geçiş mümkün mü?,yatay_gecis
Farklı bir bölüme Yatay geçiş almak istiyorum.,yatay_gecis
türkçe Öğrenci belgesi nasıl çıkartılır?,transkript
yarın Yatay geçiş başvurusu yapmak istiyorum.,yatay_gecis
Ders ekle-bırak almak istiyorum.,ders_kaydi
gelecek hafta Bölüm değiştirme başvurusu yapmak istiyorum.,yatay_gecis
Ders seçimi tarihlerini öğrenmek istiyorum.,ders_kaydi
Günaydın,selamlama
Yatay geçiş için ortalama kaç olmalı?,yatay_gecis
Mezuniyet için Not dökümü hakkında bilgi ver.,transkript
Kolay gelsin,selamlama
Bölüm değiştirme için ortalama kaç olmalı?,yatay_gecis
Bay bay,vedalasma
Kurum içi geçiş şartları yardımcı ol.,yatay_gecis
Mezuniyet için Resmi not belgesi konusunda desteğe ihtiyacım var.,transkript
Mezuniyet için Transkript hakkında bilgi ver.,transkript
Yatay geçiş şartları konusunda desteğe ihtiyacım var.,yatay_gecis
Lütfen Kayıt yenileme hakkında bilgi ver.,ders_kaydi
İyi akşamlar,vedalasma
Selam,selamlama
Merhaba asistan,selamlama
bahar döneminde Ders kaydı hakkında bilgi ver.,ders_kaydi
İstanbul'un nüfusu kaç?,kapsam_disi
Ders seçimi almak istiyorum.,ders_kaydi
onaylı Not çizelgesi işlemlerini anlat.,transkript
Ders seçimi tarihlerini öğrenmek istiyorum.,ders_kaydi
Görüşürüz,vedalasma
onaylı Öğrenci belgesi almak istiyorum.,transkript
Merhaba asistan,selamlama
Yatay geçiş kontenjanları belli oldu mu?,yatay_gecis
SIS üzerinden Ders ekle-bırak hakkında bilgi ver.,ders_kaydi
SIS üzerinden Ders ekle-bırak hakkında bilgi ver.,ders_kaydi
MYP ile geçiş kontenjanları belli oldu mu?,yatay_gecis
Selamlar,selamlama
Selamlar,selamlama
Yatay geçiş için ortalama kaç olmalı?,yatay_gecis
Film önerin var mı?,kapsam_disi
Hava durumu nasıl?,kapsam_disi
Dolar ne kadar oldu?,kapsam_disi
Not dökümü belgesine ihtiyacım var.,transkript
SIS üzerinden Kayıt yenileme işlemlerini anlat.,ders_kaydi
Not dökümü nereden alınır?,transkript
Kurum içi geçiş kontenjanları belli oldu mu?,yatay_gecis
Kurum içi geçiş kontenjanları belli oldu mu?,yatay_gecis
Selam bot,selamlama
gelecek hafta Ders atama hakkında bilgi ver.,ders_kaydi
Ders seçimi tarihlerini öğrenmek istiyorum.,ders_kaydi
1. sınıflar için Ders ekle-bırak işlemlerini anlat.,ders_kaydi
Dolar ne kadar oldu?,kapsam_disi
Kib,vedalasma
güz döneminde Kurum içi geçiş başvurusu hakkında bilgi ver.,yatay_gecis
Ders kaydı işlemi hakkında bilgi ver.,ders_kaydi
Film önerin var mı?,kapsam_disi
Kib,vedalasma
Kurum içi geçiş için ortalama kaç olmalı?,yatay_gecis
MYP ile geçiş kontenjanları belli oldu mu?,yatay_gecis
bugün Ders kaydı işlemlerini anlat.,ders_kaydi
Kayıt yenileme işlemi işlemlerini anlat.,ders_kaydi
Günaydın,selamlama
Mezuniyet için Not çizelgesi yapmak istiyorum.,transkript
Kolay gelsin,selamlama
Ders atama tarihlerini öğrenmek istiyorum.,ders_kaydi
Lütfen Ders ekle-bırak hakkında bilgi ver.,ders_kaydi
Resmi not belgesi belgesine ihtiyacım var.,transkript
SIS üzerinden Ders ekle-bırak konusunda desteğe ihtiyacım var.,ders_kaydi
Farklı bir bölüme Bölüm değiştirme yapmak istiyorum.,yatay_gecis
AGNO ile Kurum içi geçiş mümkün mü?,yatay_gecis
Merhaba asistan,selamlama
resmi Resmi not belgesi konusunda desteğe ihtiyacım var.,transkript
acilen Ders ekle-bırak işlemlerini anlat.,ders_kaydi
onaylı Not çizelgesi nasıl çıkartılır?,transkript
Kayıt yenileme işlemi işlemlerini anlat.,ders_kaydi
1. sınıflar için Ders kaydı almak istiyorum.,ders_kaydi
Kayıt yenileme tarihlerini öğrenmek istiyorum.,ders_kaydi
Bana bir fıkra anlat.,kapsam_disi
Bay bay,vedalasma
Kib,vedalasma
Ders atama işlemi yardımcı ol.,ders_kaydi
Hey,selamlama
1. sınıflar için Ders seçimi yardımcı ol.,ders_kaydi
acilen Bölüm değiştirme başvurusu yapmak istiyorum.,yatay_gecis
Ortalama ile geçiş kontenjanları belli oldu mu?,yatay_gecis
Ders kaydı işlemlerini anlat.,ders_kaydi
AGNO ile Bölüm değiştirme mümkün mü?,yatay_gecis
Öğrenci belgesi nereden alınır?,transkript
Kurum içi geçiş için ortalama kaç olmalı?,yatay_gecis
Ders ekle-bırak yapmak istiyorum.,ders_kaydi
Farklı bir bölüme Bölüm değiştirme konusunda desteğe ihtiyacım var.,yatay_gecis
Farklı bir bölüme Bölüm değiştirme yapmak istiyorum.,yatay_gecis
SIS üzerinden Ders atama yardımcı ol.,ders_kaydi
Fenerbahçe maçı kaç kaç?,kapsam_disi
Lütfen Ders atama hakkında bilgi ver.,ders_kaydi
Not dökümü nereden alınır?,transkript
MYP ile geçiş kontenjanları belli oldu mu?,yatay_gecis
Transkript belgesine ihtiyacım var.,transkript
Bugün ne giysem?,kapsam_disi
Kolay gelsin,selamlama
güncel Not çizelgesi nasıl çıkartılır?,transkript
Not çizelgesi belgesine ihtiyacım var.,transkript
Kayıt yenileme işlemi hakkında bilgi ver.,ders_kaydi
ingilizce Transkript konusunda desteğe ihtiyacım var.,transkript
E-devletten Not çizelgesi alabilir miyim?,transkript
Hoşça kal,vedalasma
E-devletten Resmi not belgesi alabilir miyim?,transkript
Ders kaydı yardımcı ol.,ders_kaydi
İstanbul'un nüfusu kaç?,kapsam_disi
Kib,vedalasma
Ortalama ile geçiş şartları yapmak istiyorum.,yatay_gecis
MYP ile geçiş kontenjanları belli oldu mu?,yatay_gecis
1. sınıflar için Kayıt yenileme yapmak istiyorum.,ders_kaydi
Hey,selamlama
Selam,selamlama
AGNO ile Ortalama ile geçiş mümkün mü?,yatay_gecis
Merhaba,selamlama
Ders ekle-bırak tarihlerini öğrenmek istiyorum.,ders_kaydi
güncel Öğrenci belgesi nasıl çıkartılır?,transkript
Ders atama tarihlerini öğrenmek istiyorum.,ders_kaydi
Yemek tarifi ver.,kapsam_disi
Not dökümü belgesine ihtiyacım var.,transkript
SIS üzerinden Ders kaydı işlemlerini anlat.,ders_kaydi
Farklı bir bölüme Bölüm değiştirme işlemlerini anlat.,yatay_gecis
Ders ekle-bırak hakkında bilgi ver.,ders_kaydi
Lütfen Ders ekle-bırak hakkında bilgi ver.,ders_kaydi
AGNO ile MYP ile geçiş mümkün mü?,yatay_gecis
En iyi pizza nerede yenir?,kapsam_disi
Fenerbahçe maçı kaç kaç?,kapsam_disi
Merhaba,selamlama
Yatay geçiş kontenjanları belli oldu mu?,yatay_gecis
Resmi not belgesi belgesine ihtiyacım var.,transkript
onaylı Not dökümü işlemlerini anlat.,transkript
Kayıt yenileme almak istiyorum.,ders_kaydi
yarın Bölüm değiştirme başvurusu yapmak istiyorum.,yatay_gecis
MYP ile geçiş şartları işlemlerini anlat.,yatay_gecis
Kayıt yenileme işlemi hakkında bilgi ver.,ders_kaydi
Not çizelgesi nereden alınır?,transkript
onaylı Not çizelgesi nasıl çıkartılır?,transkript
Ders ekle-bırak tarihlerini öğrenmek istiyorum.,ders_kaydi
E-devletten Öğrenci belgesi alabilir miyim?,transkript
Ders atama yardımcı ol.,ders_kaydi
Merhabalar,selamlama
Bugün ne giysem?,kapsam_disi
bugün Bölüm değiştirme başvurusu hakkında bilgi ver.,yatay_gecis
Yemek tarifi ver.,kapsam_disi
Mezuniyet için Öğrenci belgesi almak istiyorum.,transkript
Hava durumu nasıl?,kapsam_disi
İyi akşamlar,vedalasma
gelecek hafta MYP ile geçiş başvurusu yardımcı ol.,yatay_gecis
Ders ekle-bırak tarihlerini öğrenmek istiyorum.,ders_kaydi
bahar döneminde Ortalama ile geçiş başvurusu yapmak istiyorum.,yatay_gecis
AGNO ile MYP ile geçiş mümkün mü?,yatay_gecis
Sonra görüşürüz,vedalasma
E-devletten Resmi not belgesi alabilir miyim?,transkript
bahar döneminde Ortalama ile geçiş başvurusu hakkında bilgi ver.,yatay_gecis
Farklı bir bölüme MYP ile geçiş hakkında bilgi ver.,yatay_gecis
Merhaba,selamlama
E-devletten Resmi not belgesi alabilir miyim?,transkript
Farklı bir bölüme Yatay geçiş yapmak istiyorum.,yatay_gecis
Bölüm değiştirme kontenjanları belli oldu mu?,yatay_gecis
Farklı bir bölüme Yatay geçiş hakkında bilgi ver.,yatay_gecis
Ders atama işlemi yapmak istiyorum.,ders_kaydi
MYP ile geçiş kontenjanları belli oldu mu?,yatay_gecis
Merhaba asistan,selamlama
acilen Yatay geçiş başvurusu konusunda desteğe ihtiyacım var.,yatay_gecis
Selamlar,selamlama
Ders atama işlemi konusunda desteğe ihtiyacım var.,ders_kaydi
Bölüm değiştirme için ortalama kaç olmalı?,yatay_gecis
Not dökümü nereden alınır?,transkript
türkçe Not dökümü yardımcı ol.,transkript
Ders kaydı tarihlerini öğrenmek istiyorum.,ders_kaydi
Ders atama tarihlerini öğrenmek istiyorum.,ders_kaydi
Ders seçimi tarihlerini öğrenmek istiyorum.,ders_kaydi
Lütfen Kayıt yenileme hakkında bilgi ver.,ders_kaydi
yarın Ders ekle-bırak yapmak istiyorum.,ders_kaydi
Öğrenci belgesi belgesine ihtiyacım var.,transkript
Sonra görüşürüz,vedalasma
Ders seçimi tarihlerini öğrenmek istiyorum.,ders_kaydi
resmi Not çizelgesi konusunda desteğe ihtiyacım var.,transkript
Bay bay,vedalasma
Bölüm değiştirme için ortalama kaç olmalı?,yatay_gecis
Merhaba,selamlama
Merhaba,selamlama
Hava durumu nasıl?,kapsam_disi
AGNO ile Yatay geçiş mümkün mü?,yatay_gecis
Kendine iyi bak,vedalasma
İstanbul'un nüfusu kaç?,kapsam_disi
Hoşça kal,vedalasma
Ders kaydı yardımcı ol.,ders_kaydi
güncel Not dökümü nasıl çıkartılır?,transkript
Ders ekle-bırak tarihlerini öğrenmek istiyorum.,ders_kaydi
Kayıt yenileme tarihlerini öğrenmek istiyorum.,ders_kaydi
E-devletten Not çizelgesi alabilir miyim?,transkript
Farklı bir bölüme Yatay geçiş yardımcı ol.,yatay_gecis
Sonra görüşürüz,vedalasma
En iyi pizza nerede yenir?,kapsam_disi
Hoşça kal,vedalasma
ingilizce Öğrenci belgesi nasıl çıkartılır?,transkript
Fenerbahçe maçı kaç kaç?,kapsam_disi
Bölüm değiştirme için ortalama kaç olmalı?,yatay_gecis
güncel Öğrenci belgesi nasıl çıkartılır?,transkript
Not çizelgesi nereden alınır?,transkript
Mezuniyet için Not çizelgesi konusunda desteğe ihtiyacım var.,transkript
En iyi pizza nerede yenir?,kapsam_disi
Kurum içi geçiş şartları işlemlerini anlat.,yatay_gecis
Not çizelgesi belgesine ihtiyacım var.,transkript
Fenerbahçe maçı kaç kaç?,kapsam_disi
Kayıt yenileme tarihlerini öğrenmek istiyorum.,ders_kaydi
Kurum içi geçiş kontenjanları belli oldu mu?,yatay_gecis
Hava durumu nasıl?,kapsam_disi
yarın Ders ekle-bırak işlemlerini anlat.,ders_kaydi
Farklı bir bölüme Yatay geçiş hakkında bilgi ver.,yatay_gecis
Ortalama ile geçiş kontenjanları belli oldu mu?,yatay_gecis
Fenerbahçe maçı kaç kaç?,kapsam_disi
türkçe Öğrenci belgesi nasıl çıkartılır?,transkript
Kib,vedalasma
Yatay geçiş için ortalama kaç olmalı?,yatay_gecis
MYP ile geçiş için ortalama kaç olmalı?,yatay_gecis
Transkript belgesine ihtiyacım var.,transkript
Yemek tarifi ver.,kapsam_disi
1. sınıflar için Ders ekle-bırak işlemlerini anlat.,ders_kaydi
SIS üzerinden Ders ekle-bırak yardımcı ol.,ders_kaydi
Kurum içi geçiş şartları hakkında bilgi ver.,yatay_gecis
Kayıt yenileme yapmak istiyorum.,ders_kaydi
bahar döneminde MYP ile geçiş başvurusu yardımcı ol.,yatay_gecis
İstanbul'un nüfusu kaç?,kapsam_disi
Görüşürüz,vedalasma
Ders atama tarihlerini öğrenmek istiyorum.,ders_kaydi
Hey,selamlama
Ders seçimi hakkında bilgi ver.,ders_kaydi
E-devletten Resmi not belgesi alabilir miyim?,transkript
Kib,vedalasma
Ders kaydı yapmak istiyorum.,ders_kaydi
Kayıt yenileme tarihlerini öğrenmek istiyorum.,ders_kaydi
resmi Not çizelgesi hakkında bilgi ver.,transkript
Not dökümü belgesine ihtiyacım var.,transkript
MYP ile geçiş kontenjanları belli oldu mu?,yatay_gecis
Ortalama ile geçiş için ortalama kaç olmalı?,yatay_gecis
Yatay geçiş şartları işlemlerini anlat.,yatay_gecis
E-devletten Öğrenci belgesi alabilir miyim?,transkript
Ortalama ile geçiş kontenjanları belli oldu mu?,yatay_gecis
Ortalama ile geçiş kontenjanları belli oldu mu?,yatay_gecis
Python kodu yazabilir misin?,kapsam_disi
Ders ekle-bırak yapmak istiyorum.,ders_kaydi
Bye,vedalasma
SIS üzerinden Ders kaydı yardımcı ol.,ders_kaydi
AGNO ile Kurum içi geçiş mümkün mü?,yatay_gecis
Kurum içi geçiş için ortalama kaç olmalı?,yatay_gecis
Kib,vedalasma
e-imzalı Öğrenci belgesi nasıl çıkartılır?,transkript
Selam,selamlama
E-devletten Not çizelgesi alabilir miyim?,transkript
Ortalama ile geçiş için ortalama kaç olmalı?,yatay_gecis
Bölüm değiştirme için ortalama kaç olmalı?,yatay_gecis
Farklı bir bölüme Ortalama ile geçiş hakkında bilgi ver.,yatay_gecis
AGNO ile Kurum içi geçiş mümkün mü?,yatay_gecis
Ortalama ile geçiş için ortalama kaç olmalı?,yatay_gecis
Selam,selamlama
1. sınıflar için Ders seçimi yapmak istiyorum.,ders_kaydi
Bölüm değiştirme şartları işlemlerini anlat.,yatay_gecis
bu dönem Ders ekle-bırak işlemlerini anlat.,ders_kaydi
Sonra görüşürüz,vedalasma
MYP ile geçiş kontenjanları belli oldu mu?,yatay_gecis
Not çizelgesi belgesine ihtiyacım var.,transkript
Ortalama ile geçiş için ortalama kaç olmalı?,yatay_gecis
Ders kaydı yapmak istiyorum.,ders_kaydi
Mezuniyet için Öğrenci belgesi işlemlerini anlat.,transkript
AGNO ile Bölüm değiştirme mümkün mü?,yatay_gecis
Hava durumu nasıl?,kapsam_disi
e-imzalı Transkript konusunda desteğe ihtiyacım var.,transkript
1. sınıflar için Kayıt yenileme almak istiyorum.,ders_kaydi
Ders seçimi konusunda desteğe ihtiyacım var.,ders_kaydi
Bay bay,vedalasma
resmi Not dökümü yapmak istiyorum.,transkript
bu dönem Kurum içi geçiş başvurusu yapmak istiyorum.,yatay_gecis
E-devletten Öğrenci belgesi alabilir miyim?,transkript
Resmi not belgesi nereden alınır?,transkript
Transkript nereden alınır?,transkript
AGNO ile Ortalama ile geçiş mümkün mü?,yatay_gecis
Mezuniyet için Not çizelgesi almak istiyorum.,transkript
Merhaba,selamlama
güncel Resmi not belgesi nasıl çıkartılır?,transkript
MYP ile geçiş kontenjanları belli oldu mu?,yatay_gecis
onaylı Not çizelgesi nasıl çıkartılır?,transkript
MYP ile geçiş kontenjanları belli oldu mu?,yatay_gecis
Ders seçimi tarihlerini öğrenmek istiyorum.,ders_kaydi
Ders seçimi tarihlerini öğrenmek istiyorum.,ders_kaydi
resmi Resmi not belgesi nasıl çıkartılır?,transkript
Bay bay,vedalasma
Çıkış yapıyorum,vedalasma
İyi günler,selamlama
İyi akşamlar,vedalasma
Yemek tarifi ver.,kapsam_disi
Film önerin var mı?,kapsam_disi
En iyi pizza nerede yenir?,kapsam_disi
E-devletten Not çizelgesi alabilir miyim?,transkript
Kib,vedalasma
Farklı bir bölüme Yatay geçiş işlemlerini anlat.,yatay_gecis
Not dökümü belgesine ihtiyacım var.,transkript
Not çizelgesi nereden alınır?,transkript
Mezuniyet için Not dökümü yapmak istiyorum.,transkript
Ders ekle-bırak tarihlerini öğrenmek istiyorum.,ders_kaydi
1. sınıflar için Ders atama almak istiyorum.,ders_kaydi
Farklı bir bölüme Kurum içi geçiş işlemlerini anlat.,yatay_gecis
e-imzalı Transkript nasıl çıkartılır?,transkript
Bölüm değiştirme için ortalama kaç olmalı?,yatay_gecis
Farklı bir bölüme Bölüm değiştirme yapmak istiyorum.,yatay_gecis
Selam,selamlama
Film önerin var mı?,kapsam_disi
ingilizce Öğrenci belgesi yapmak istiyorum.,transkript
En iyi pizza nerede yenir?,kapsam_disi
SIS üzerinden Ders atama almak istiyorum.,ders_kaydi
İyi akşamlar,vedalasma
Görüşürüz,vedalasma
Bugün ne giysem?,kapsam_disi
Ders seçimi işlemi işlemlerini anlat.,ders_kaydi
Kayıt yenileme yardımcı ol.,ders_kaydi
Ders atama tarihlerini öğrenmek istiyorum.,ders_kaydi
Kayıt yenileme işlemi hakkında bilgi ver.,ders_kaydi
Ortalama ile geçiş kontenjanları belli oldu mu?,yatay_gecis
güz döneminde Ders atama işlemlerini anlat.,ders_kaydi
Lütfen Ders kaydı hakkında bilgi ver.,ders_kaydi
Dolar ne kadar oldu?,kapsam_disi
Kurum içi geçiş kontenjanları belli oldu mu?,yatay_gecis
Fenerbahçe maçı kaç kaç?,kapsam_disi
Farklı bir bölüme Bölüm değiştirme yapmak istiyorum.,yatay_gecis
Lütfen Ders seçimi hakkında bilgi ver.,ders_kaydi
Not çizelgesi nereden alınır?,transkript
İyi günler,selamlama
AGNO ile Kurum içi geçiş mümkün mü?,yatay_gecis
Ortalama ile geçiş şartları konusunda desteğe ihtiyacım var.,yatay_gecis
İstanbul'un nüfusu kaç?,kapsam_disi
gelecek hafta Bölüm değiştirme başvurusu hakkında bilgi ver.,yatay_gecis
Python kodu yazabilir misin?,kapsam_disi
Resmi not belgesi nereden alınır?,transkript
Selamlar,selamlama
ingilizce Öğrenci belgesi konusunda desteğe ihtiyacım var.,transkript
Farklı bir bölüme Bölüm değiştirme işlemlerini anlat.,yatay_gecis
resmi Transkript konusunda desteğe ihtiyacım var.,transkript
Hey,selamlama
Çıkış yapıyorum,vedalasma
acilen Ortalama ile geçiş başvurusu işlemlerini anlat.,yatay_gecis
Hava durumu nasıl?,kapsam_disi
bu dönem Ortalama ile geçiş başvurusu yardımcı ol.,yatay_gecis
Bugün ne giysem?,kapsam_disi
Sonra görüşürüz,vedalasma
Çıkış yapıyorum,vedalasma
Resmi not belgesi nereden alınır?,transkript
Kayıt yenileme tarihlerini öğrenmek istiyorum.,ders_kaydi
İyi günler,selamlama
AGNO ile Ortalama ile geçiş mümkün mü?,yatay_gecis
MYP ile geçiş için ortalama kaç olmalı?,yatay_gecis
Hoşça kal,vedalasma
AGNO ile Yatay geçiş mümkün mü?,yatay_gecis
Mezuniyet için Not çizelgesi yapmak istiyorum.,transkript
Mezuniyet için Öğrenci belgesi almak istiyorum.,transkript
Hava durumu nasıl?,kapsam_disi
Ders ekle-bırak tarihlerini öğrenmek istiyorum.,ders_kaydi
Mezuniyet için Resmi not belgesi yardımcı ol.,transkript
AGNO ile Ortalama ile geçiş mümkün mü?,yatay_gecis
AGNO ile MYP ile geçiş mümkün mü?,yatay_gecis
Yemek tarifi ver.,kapsam_disi
Selam,selamlama
Kib,vedalasma
Yatay geçiş için ortalama kaç olmalı?,yatay_gecis
yaz okulunda MYP ile geçiş başvurusu hakkında bilgi ver.,yatay_gecis
Günaydın,selamlama
onaylı Öğrenci belgesi nasıl çıkartılır?,transkript
Ders seçimi tarihlerini öğrenmek istiyorum.,ders_kaydi
"Teşekkürler, bay",vedalasma
"Teşekkürler, bay",vedalasma
Mezuniyet için Not çizelgesi işlemlerini anlat.,transkript
güz döneminde MYP ile geçiş başvurusu yardımcı ol.,yatay_gecis
Lütfen Ders seçimi hakkında bilgi ver.,ders_kaydi
Bölüm değiştirme için ortalama kaç olmalı?,yatay_gecis
acilen Kurum içi geçiş başvurusu almak istiyorum.,yatay_gecis
Ortalama ile geçiş için ortalama kaç olmalı?,yatay_gecis
bugün Kurum içi geçiş başvurusu konusunda desteğe ihtiyacım var.,yatay_gecis
Görüşürüz,vedalasma
AGNO ile Ortalama ile geçiş mümkün mü?,yatay_gecis
AGNO ile Kurum içi geçiş mümkün mü?,yatay_gecis
Ders seçimi almak istiyorum.,ders_kaydi
Bölüm değiştirme için ortalama kaç olmalı?,yatay_gecis
Selam bot,selamlama
Merhabalar,selamlama
MYP ile geçiş şartları yapmak istiyorum.,yatay_gecis
İyi günler,selamlama
1. sınıflar için Ders atama yapmak istiyorum.,ders_kaydi
Kayıt yenileme işlemi hakkında bilgi ver.,ders_kaydi
Farklı bir bölüme Yatay geçiş yapmak istiyorum.,yatay_gecis
yaz okulunda Ders atama hakkında bilgi ver.,ders_kaydi
ingilizce Not dökümü konusunda desteğe ihtiyacım var.,transkript
E-devletten Resmi not belgesi alabilir miyim?,transkript
1. sınıflar için Ders kaydı işlemlerini anlat.,ders_kaydi
Fenerbahçe maçı kaç kaç?,kapsam_disi
Transkript belgesine ihtiyacım var.,transkript
türkçe Resmi not belgesi nasıl çıkartılır?,transkript
Ortalama ile geçiş için ortalama kaç olmalı?,yatay_gecis
Not çizelgesi nereden alınır?,transkript
Ders kaydı işlemi işlemlerini anlat.,ders_kaydi
Farklı bir bölüme MYP ile geçiş almak istiyorum.,yatay_gecis
Selamlar,selamlama
Hey,selamlama
ingilizce Not çizelgesi nasıl çıkartılır?,transkript
resmi Not dökümü hakkında bilgi ver.,transkript
Kurum içi geçiş kontenjanları belli oldu mu?,yatay_gecis
Kayıt yenileme tarihlerini öğrenmek istiyorum.,ders_kaydi
Selam bot,selamlama
Fenerbahçe maçı kaç kaç?,kapsam_disi
Günaydın,selamlama
Lütfen Ders kaydı hakkında bilgi ver.,ders_kaydi
Ders atama işlemi hakkında bilgi ver.,ders_kaydi
E-devletten Öğrenci belgesi alabilir miyim?,transkript
Ortalama ile geçiş için ortalama kaç olmalı?,yatay_gecis
Dolar ne kadar oldu?,kapsam_disi
E-devletten Öğrenci belgesi alabilir miyim?,transkript
Bölüm değiştirme şartları konusunda desteğe ihtiyacım var.,yatay_gecis
Film önerin var mı?,kapsam_disi
1. sınıflar için Ders atama hakkında bilgi ver.,ders_kaydi
Ortalama ile geçiş için ortalama kaç olmalı?,yatay_gecis
Film önerin var mı?,kapsam_disi
Transkript nereden alınır?,transkript
Mezuniyet için Not çizelgesi almak istiyorum.,transkript
Hava durumu nasıl?,kapsam_disi
Günaydın,selamlama
İyi akşamlar,vedalasma
Mezuniyet için Resmi not belgesi konusunda desteğe ihtiyacım var.,transkript
Ders atama yapmak istiyorum.,ders_kaydi
1. sınıflar için Ders ekle-bırak almak istiyorum.,ders_kaydi
Ders seçimi yapmak istiyorum.,ders_kaydi
En iyi pizza nerede yenir?,kapsam_disi
Ders kaydı tarihlerini öğrenmek istiyorum.,ders_kaydi
Hey,selamlama
Lütfen Ders atama hakkında bilgi ver.,ders_kaydi
Lütfen Ders kaydı hakkında bilgi ver.,ders_kaydi
Yatay geçiş şartları konusunda desteğe ihtiyacım var.,yatay_gecis
AGNO ile Yatay geçiş mümkün mü?,yatay_gecis
Fenerbahçe maçı kaç kaç?,kapsam_disi
Sonra görüşürüz,vedalasma
Ders atama işlemi almak istiyorum.,ders_kaydi
bu dönem MYP ile geçiş başvurusu yapmak istiyorum.,yatay_gecis
Lütfen Ders seçimi hakkında bilgi ver.,ders_kaydi
Not çizelgesi belgesine ihtiyacım var.,transkript
1. sınıflar için Ders atama konusunda desteğe ihtiyacım var.,ders_kaydi
gelecek hafta MYP ile geçiş başvurusu yardımcı ol.,yatay_gecis
Çıkış yapıyorum,vedalasma
türkçe Not dökümü nasıl çıkartılır?,transkript
Öğrenci belgesi belgesine ihtiyacım var.,transkript
Kolay gelsin,selamlama
SIS üzerinden Ders ekle-bırak yapmak istiyorum.,ders_kaydi
Selam bot,selamlama
Selamlar,selamlama
Lütfen Ders kaydı hakkında bilgi ver.,ders_kaydi
Ortalama ile geçiş kontenjanları belli oldu mu?,yatay_gecis
1. sınıflar için Ders seçimi yapmak istiyorum.,ders_kaydi
Kurum içi geçiş kontenjanları belli oldu mu?,yatay_gecis
MYP ile geçiş için ortalama kaç olmalı?,yatay_gecis
Ders seçimi tarihlerini öğrenmek istiyorum.,ders_kaydi
Fenerbahçe maçı kaç kaç?,kapsam_disi
Ders ekle-bırak tarihlerini öğrenmek istiyorum.,ders_kaydi
Ders ekle-bırak yapmak istiyorum.,ders_kaydi
e-imzalı Öğrenci belgesi yapmak istiyorum.,transkript
yaz okulunda Ortalama ile geçiş başvurusu yapmak istiyorum.,yatay_gecis
AGNO ile Ortalama ile geçiş mümkün mü?,yatay_gecis
Dolar ne kadar oldu?,kapsam_disi
Yatay geçiş şartları işlemlerini anlat.,yatay_gecis
Lütfen Ders atama hakkında bilgi ver.,ders_kaydi
Ders atama tarihlerini öğrenmek istiyorum.,ders_kaydi
İyi günler,selamlama
gelecek hafta Yatay geçiş başvurusu işlemlerini anlat.,yatay_gecis
Mezuniyet için Transkript almak istiyorum.,transkript
bugün Yatay geçiş başvurusu hakkında bilgi ver.,yatay_gecis
Lütfen Ders kaydı hakkında bilgi ver.,ders_kaydi
Bölüm değiştirme şartları konusunda desteğe ihtiyacım var.,yatay_gecis
Kib,vedalasma
bahar döneminde Bölüm değiştirme başvurusu hakkında bilgi ver.,yatay_gecis
bahar döneminde Yatay geçiş başvurusu yardımcı ol.,yatay_gecis
Lütfen Ders seçimi hakkında bilgi ver.,ders_kaydi
Selam,selamlama
Ortalama ile geçiş için ortalama kaç olmalı?,yatay_gecis
Farklı bir bölüme Ortalama ile geçiş işlemlerini anlat.,yatay_gecis
Kayıt yenileme tarihlerini öğrenmek istiyorum.,ders_kaydi
"Teşekkürler, bay",vedalasma
Ortalama ile geçiş şartları almak istiyorum.,yatay_gecis
ingilizce Not çizelgesi nasıl çıkartılır?,transkript
Ortalama ile geçiş şartları yapmak istiyorum.,yatay_gecis
E-devletten Transkript alabilir miyim?,transkript
Bölüm değiştirme şartları almak istiyorum.,yatay_gecis
